2014-03-15,2014-04-01,hard-copy only,Non compete agreementh
2014-02-17,2014-04-26,hard-copy and electronic version,Employment agreemente
2014-02-01,2014-06-24,electronic version only,Employment agreementl
2014-02-22,2014-06-16,electronic version only,Non compete agreementp
2014-01-23,2014-06-13,hard-copy and electronic version,Allocation agreementb
2014-02-15,2014-04-20,electronic version only,Employment agreementb
2014-02-07,2014-04-07,electronic version only,Service level agreemente
2014-02-25,2014-04-28,hard-copy and electronic version,Service level agreementm
2014-02-15,2014-04-26,hard-copy only,Service level agreementw
2014-02-04,2014-04-14,hard-copy only,General contract for servicesd
2014-02-13,2014-04-23,hard-copy and electronic version,Allocation agreementv
2014-03-03,2014-05-08,hard-copy and electronic version,License agreementd
2014-03-21,2014-04-11,electronic version only,Allocation agreementu
2014-02-05,2014-04-03,electronic version only,License agreementg
2014-02-18,2014-06-25,hard-copy and electronic version,Allocation agreementi
2014-02-27,2014-05-11,hard-copy only,License agreementj
2014-03-21,2014-06-16,hard-copy and electronic version,General contract for servicesz
2014-01-07,2014-04-27,electronic version only,Tender contractr
2014-03-07,2014-05-25,electronic version only,Employment agreementr
2014-03-12,2014-05-06,hard-copy and electronic version,Non compete agreementw
2014-02-16,2014-05-18,hard-copy and electronic version,Health and safety agreementt
2014-03-27,2014-05-23,hard-copy and electronic version,Employment agreementq
2014-01-08,2014-04-26,hard-copy and electronic version,License agreementz
2014-01-30,2014-05-28,electronic version only,Health and safety agreementp
2014-02-12,2014-05-23,hard-copy only,General contract for servicesb
2014-02-08,2014-06-06,electronic version only,Employment agreementa
2014-02-23,2014-05-19,hard-copy and electronic version,Tender contractz
2014-03-23,2014-04-24,electronic version only,Non compete agreementn
2014-02-22,2014-06-29,hard-copy and electronic version,License agreements
2014-03-26,2014-06-19,hard-copy and electronic version,Health and safety agreementn
2014-02-20,2014-06-01,hard-copy and electronic version,Allocation agreementq
2014-03-10,2014-06-15,hard-copy and electronic version,Health and safety agreementd
2014-01-10,2014-04-21,electronic version only,General contract for servicess
2014-03-09,2014-06-18,hard-copy only,General contract for servicesc
2014-01-25,2014-05-26,hard-copy and electronic version,Non compete agreementv
2014-03-06,2014-06-17,hard-copy and electronic version,Service level agreementp
2014-02-19,2014-04-09,hard-copy only,General contract for servicesv
2014-02-23,2014-05-13,hard-copy only,Non compete agreementh
2014-03-02,2014-05-07,hard-copy and electronic version,Service level agreementa
2014-02-21,2014-04-22,hard-copy only,Tender contractp
2014-03-24,2014-05-24,electronic version only,Non compete agreementa
2014-03-05,2014-05-28,electronic version only,Allocation agreementc
2014-02-21,2014-04-17,electronic version only,Health and safety agreementx
2014-03-16,2014-06-22,hard-copy only,Allocation agreementa
2014-02-23,2014-05-26,hard-copy only,Allocation agreementj
2014-02-07,2014-06-19,hard-copy only,License agreementr
2014-01-15,2014-04-25,hard-copy only,Service level agreementd
2014-03-08,2014-04-10,hard-copy only,Allocation agreementc
2014-03-23,2014-04-19,hard-copy and electronic version,Tender contractn
2014-02-13,2014-04-26,hard-copy only,Non compete agreementp
2014-02-03,2014-04-22,electronic version only,Health and safety agreementm
2014-02-09,2014-04-18,hard-copy and electronic version,License agreementc
2014-02-07,2014-04-09,hard-copy only,General contract for servicesb
2014-01-17,2014-05-02,hard-copy only,Health and safety agreementz
2014-02-09,2014-05-02,electronic version only,Tender contracty
2014-02-20,2014-06-14,hard-copy only,Allocation agreementn
2014-03-01,2014-05-14,hard-copy only,Health and safety agreementc
2014-01-10,2014-04-07,hard-copy and electronic version,General contract for servicesf
2014-03-16,2014-06-13,electronic version only,Tender contractd
2014-02-05,2014-05-08,hard-copy and electronic version,License agreementm
2014-02-18,2014-04-20,hard-copy and electronic version,Allocation agreementp
2014-02-26,2014-05-28,hard-copy only,License agreementf
2014-03-07,2014-05-18,hard-copy only,License agreementd
2014-02-09,2014-05-16,hard-copy only,Allocation agreementz
2014-03-27,2014-06-05,hard-copy and electronic version,License agreementn
2014-03-14,2014-05-18,hard-copy only,Health and safety agreemente
2014-01-24,2014-06-26,electronic version only,Service level agreementk
2014-02-15,2014-06-21,hard-copy only,Health and safety agreementq
2014-01-29,2014-04-04,hard-copy only,General contract for servicesl
2014-03-23,2014-05-24,hard-copy and electronic version,Health and safety agreementk
2014-02-03,2014-04-21,electronic version only,Non compete agreementv
2014-01-16,2014-06-27,hard-copy only,General contract for servicesn
2014-02-09,2014-05-21,electronic version only,General contract for servicesz
2014-02-20,2014-04-22,electronic version only,General contract for servicesn
2014-01-14,2014-04-17,hard-copy only,Allocation agreementc
2014-02-15,2014-05-19,electronic version only,Allocation agreements
2014-02-23,2014-06-18,hard-copy and electronic version,Allocation agreementf
2014-02-25,2014-06-03,hard-copy and electronic version,Allocation agreemente
2014-02-17,2014-05-16,hard-copy only,Tender contractc
2014-03-07,2014-06-06,electronic version only,Non compete agreemente
2014-01-14,2014-04-26,hard-copy and electronic version,Employment agreementb
2014-02-17,2014-05-15,electronic version only,General contract for servicesv
2014-01-04,2014-04-29,hard-copy only,Tender contractf
2014-02-15,2014-06-23,hard-copy only,Employment agreementq
2014-02-13,2014-05-01,hard-copy and electronic version,Allocation agreementi
2014-01-20,2014-04-07,hard-copy only,License agreements
2014-02-23,2014-04-10,electronic version only,Allocation agreements
2014-03-21,2014-05-22,hard-copy and electronic version,Employment agreementa
2014-01-04,2014-05-10,hard-copy only,Employment agreementk
2014-03-14,2014-05-16,hard-copy and electronic version,Allocation agreementc
2014-02-24,2014-05-28,electronic version only,Employment agreementx
2014-03-07,2014-05-24,electronic version only,Employment agreementh
2014-01-02,2014-04-28,hard-copy and electronic version,Tender contractx
2014-02-11,2014-05-21,hard-copy only,Service level agreementz
2014-03-08,2014-04-18,hard-copy and electronic version,Health and safety agreementf
2014-01-26,2014-06-09,electronic version only,Health and safety agreementd
2014-03-12,2014-06-22,hard-copy only,General contract for servicesh
2014-02-26,2014-05-19,hard-copy and electronic version,General contract for servicesw
2014-01-19,2014-04-03,hard-copy and electronic version,Non compete agreementd
2014-03-07,2014-04-14,hard-copy and electronic version,Service level agreementr
2014-01-28,2014-05-19,hard-copy and electronic version,Service level agreementd
2014-03-22,2014-06-20,hard-copy and electronic version,Tender contracts
2014-01-10,2014-06-30,hard-copy only,General contract for servicesg
2014-01-13,2014-06-19,hard-copy only,Service level agreementb
2014-03-16,2014-05-26,electronic version only,Employment agreementx
2014-02-27,2014-04-20,electronic version only,Employment agreementc
2014-03-09,2014-05-29,electronic version only,Health and safety agreementu
2014-01-24,2014-05-05,hard-copy only,General contract for serviceso
2014-02-22,2014-06-05,electronic version only,License agreementj
2014-03-27,2014-06-18,hard-copy and electronic version,Non compete agreementc
2014-02-06,2014-06-07,hard-copy only,Employment agreementv
2014-01-04,2014-06-22,electronic version only,Non compete agreementl
2014-02-04,2014-06-16,hard-copy and electronic version,Employment agreementd
2014-01-14,2014-06-05,hard-copy and electronic version,License agreementd
2014-02-25,2014-04-04,hard-copy and electronic version,License agreementx
2014-02-23,2014-04-11,electronic version only,Tender contractn
2014-02-24,2014-04-05,hard-copy and electronic version,General contract for servicesa
2014-01-08,2014-04-13,electronic version only,General contract for servicesz
2014-01-27,2014-06-15,hard-copy only,Service level agreementd
2014-02-17,2014-05-28,hard-copy and electronic version,Allocation agreementh
2014-03-19,2014-04-26,hard-copy and electronic version,Non compete agreementa
2014-01-23,2014-05-09,hard-copy only,Employment agreementg
2014-01-15,2014-04-22,electronic version only,License agreementh
2014-02-18,2014-06-29,electronic version only,Allocation agreementx
2014-03-28,2014-05-08,electronic version only,Service level agreements
2014-01-12,2014-05-26,hard-copy only,Non compete agreementa
2014-03-14,2014-04-15,hard-copy and electronic version,Non compete agreementz
2014-01-23,2014-04-01,electronic version only,General contract for servicess
2014-03-12,2014-05-26,hard-copy only,License agreementd
2014-01-16,2014-05-02,electronic version only,Tender contractu
2014-03-03,2014-06-22,hard-copy only,Non compete agreementh
2014-02-03,2014-05-30,hard-copy only,License agreementl
2014-03-14,2014-04-05,hard-copy only,Service level agreementa
2014-01-30,2014-04-01,electronic version only,Non compete agreementa
2014-03-29,2014-05-29,hard-copy and electronic version,Non compete agreementr
2014-02-23,2014-05-29,hard-copy and electronic version,General contract for servicesx
2014-03-09,2014-05-04,hard-copy and electronic version,General contract for servicesl
2014-02-16,2014-04-18,electronic version only,Non compete agreementi
2014-02-22,2014-06-04,hard-copy and electronic version,Non compete agreementh
2014-03-05,2014-04-05,hard-copy and electronic version,Health and safety agreementx
2014-03-07,2014-05-10,electronic version only,Health and safety agreementb
2014-01-03,2014-06-20,hard-copy and electronic version,License agreementj
2014-01-28,2014-04-02,hard-copy only,Employment agreementh
2014-01-19,2014-04-09,hard-copy only,Allocation agreementn
2014-01-03,2014-05-12,hard-copy only,General contract for servicesd
2014-01-09,2014-06-22,hard-copy only,Health and safety agreementp
2014-01-22,2014-05-14,electronic version only,General contract for servicesf
2014-02-18,2014-06-19,hard-copy only,General contract for serviceso
2014-01-01,2014-06-25,hard-copy and electronic version,License agreementh
2014-02-02,2014-05-14,electronic version only,General contract for servicesp
2014-01-09,2014-04-02,hard-copy and electronic version,Health and safety agreementz
2014-02-05,2014-04-22,hard-copy and electronic version,Tender contractj
2014-03-09,2014-05-14,hard-copy only,Tender contracth
2014-01-23,2014-04-19,electronic version only,Employment agreementj
2014-01-26,2014-05-14,hard-copy only,License agreementj
2014-02-06,2014-04-05,hard-copy and electronic version,License agreementk
2014-03-06,2014-04-18,hard-copy only,License agreementh
2014-01-16,2014-06-20,electronic version only,Employment agreementt
2014-01-14,2014-05-01,electronic version only,Non compete agreementw
2014-01-10,2014-05-07,hard-copy only,Allocation agreementw
2014-02-17,2014-04-03,hard-copy and electronic version,Health and safety agreementf
2014-03-14,2014-04-15,hard-copy and electronic version,Allocation agreementn
2014-01-05,2014-05-22,hard-copy and electronic version,General contract for serviceso
2014-02-15,2014-04-17,electronic version only,General contract for servicesh
2014-03-19,2014-05-24,hard-copy and electronic version,Service level agreementc
2014-01-09,2014-04-05,hard-copy only,Health and safety agreementt
2014-03-03,2014-05-05,electronic version only,Health and safety agreemento
2014-03-03,2014-06-22,electronic version only,Employment agreementu
2014-02-07,2014-05-17,hard-copy only,Tender contractg
2014-03-09,2014-06-16,hard-copy and electronic version,Tender contractr
2014-02-26,2014-04-03,hard-copy and electronic version,License agreementz
2014-02-11,2014-05-10,electronic version only,Service level agreementz
2014-01-04,2014-06-24,electronic version only,Allocation agreements
2014-02-28,2014-04-03,hard-copy only,Tender contractc
2014-03-13,2014-04-22,electronic version only,Service level agreements
2014-02-18,2014-06-24,hard-copy and electronic version,General contract for servicesw
2014-02-07,2014-05-09,electronic version only,General contract for servicesi
2014-03-15,2014-05-05,hard-copy and electronic version,Health and safety agreementf
2014-01-03,2014-04-19,electronic version only,Service level agreementd
2014-02-19,2014-06-23,electronic version only,License agreementk
2014-01-20,2014-06-19,hard-copy and electronic version,Tender contractn
2014-02-02,2014-06-19,hard-copy only,Non compete agreementc
2014-01-10,2014-04-22,hard-copy only,Allocation agreementj
2014-02-27,2014-05-26,electronic version only,License agreementi
2014-01-21,2014-05-08,hard-copy only,Tender contractr
2014-03-01,2014-06-22,hard-copy only,Non compete agreementw
2014-03-29,2014-05-08,hard-copy only,Allocation agreemente
2014-01-29,2014-04-17,hard-copy and electronic version,General contract for servicesd
2014-03-18,2014-05-24,hard-copy and electronic version,Tender contracte
2014-03-30,2014-05-13,hard-copy only,Employment agreements
2014-02-26,2014-05-23,electronic version only,Health and safety agreementj
2014-02-21,2014-05-22,hard-copy only,General contract for servicesc
2014-01-07,2014-06-19,hard-copy and electronic version,Tender contracte
2014-01-18,2014-06-12,hard-copy only,Employment agreementq
2014-01-26,2014-05-01,electronic version only,License agreementt
2014-01-20,2014-05-23,electronic version only,Allocation agreementc
2014-01-11,2014-05-13,hard-copy only,Employment agreementx
2014-02-12,2014-04-27,hard-copy and electronic version,Non compete agreemente
2014-01-03,2014-04-20,hard-copy only,License agreementj
2014-01-16,2014-05-14,hard-copy only,Allocation agreementw